,id,id_,score
10,2,1,0.941176470588
63,7,4,0.933333333333
80,9,1,0.875
45,5,6,0.857142857143
92,10,3,0.833333333333
18,2,9,0.823529411765
37,4,8,0.8
76,8,7,0.75
