,id,id_,score
1,1,2,1.0
63,7,4,0.933333333333
80,9,1,0.875
18,2,9,0.875
54,6,5,0.857142857143
92,10,3,0.833333333333
37,4,8,0.8
76,8,7,0.75
